[{"model": "admin.logentry", "pk": 332, "fields": {"action_time": "2024-03-17T02:54:44.715Z", "user": 10, "content_type": 7, "object_id": "11", "object_repr": "admin", "action_flag": 2, "change_message": "[{\"changed\": {\"fields\": [\"Profile pic\"]}}]"}}, {"model": "admin.logentry", "pk": 333, "fields": {"action_time": "2024-03-17T02:56:30.609Z", "user": 10, "content_type": 7, "object_id": "11", "object_repr": "Weiss", "action_flag": 2, "change_message": "[{\"changed\": {\"fields\": [\"Fullname\"]}}]"}}, {"model": "admin.logentry", "pk": 334, "fields": {"action_time": "2024-03-17T14:19:14.738Z", "user": 10, "content_type": 4, "object_id": "10", "object_repr": "admin", "action_flag": 2, "change_message": "[{\"changed\": {\"fields\": [\"Groups\"]}}]"}}, {"model": "admin.logentry", "pk": 335, "fields": {"action_time": "2024-03-17T17:45:16.016Z", "user": 10, "content_type": 7, "object_id": "11", "object_repr": "Веисс", "action_flag": 2, "change_message": "[{\"changed\": {\"fields\": [\"Fullname\"]}}]"}}, {"model": "admin.logentry", "pk": 336, "fields": {"action_time": "2024-03-17T20:38:54.395Z", "user": 10, "content_type": 7, "object_id": "11", "object_repr": "Weiss", "action_flag": 2, "change_message": "[{\"changed\": {\"fields\": [\"Fullname\"]}}]"}}, {"model": "admin.logentry", "pk": 337, "fields": {"action_time": "2024-03-17T20:39:24.420Z", "user": 10, "content_type": 15, "object_id": "82", "object_repr": "v2", "action_flag": 2, "change_message": "[{\"changed\": {\"fields\": [\"Hits\"]}}]"}}, {"model": "auth.permission", "pk": 1, "fields": {"name": "Can add log entry", "content_type": 1, "codename": "add_logentry"}}, {"model": "auth.permission", "pk": 2, "fields": {"name": "Can change log entry", "content_type": 1, "codename": "change_logentry"}}, {"model": "auth.permission", "pk": 3, "fields": {"name": "Can delete log entry", "content_type": 1, "codename": "delete_logentry"}}, {"model": "auth.permission", "pk": 4, "fields": {"name": "Can view log entry", "content_type": 1, "codename": "view_logentry"}}, {"model": "auth.permission", "pk": 5, "fields": {"name": "Can add permission", "content_type": 2, "codename": "add_permission"}}, {"model": "auth.permission", "pk": 6, "fields": {"name": "Can change permission", "content_type": 2, "codename": "change_permission"}}, {"model": "auth.permission", "pk": 7, "fields": {"name": "Can delete permission", "content_type": 2, "codename": "delete_permission"}}, {"model": "auth.permission", "pk": 8, "fields": {"name": "Can view permission", "content_type": 2, "codename": "view_permission"}}, {"model": "auth.permission", "pk": 9, "fields": {"name": "Can add group", "content_type": 3, "codename": "add_group"}}, {"model": "auth.permission", "pk": 10, "fields": {"name": "Can change group", "content_type": 3, "codename": "change_group"}}, {"model": "auth.permission", "pk": 11, "fields": {"name": "Can delete group", "content_type": 3, "codename": "delete_group"}}, {"model": "auth.permission", "pk": 12, "fields": {"name": "Can view group", "content_type": 3, "codename": "view_group"}}, {"model": "auth.permission", "pk": 13, "fields": {"name": "Can add user", "content_type": 4, "codename": "add_user"}}, {"model": "auth.permission", "pk": 14, "fields": {"name": "Can change user", "content_type": 4, "codename": "change_user"}}, {"model": "auth.permission", "pk": 15, "fields": {"name": "Can delete user", "content_type": 4, "codename": "delete_user"}}, {"model": "auth.permission", "pk": 16, "fields": {"name": "Can view user", "content_type": 4, "codename": "view_user"}}, {"model": "auth.permission", "pk": 17, "fields": {"name": "Can add content type", "content_type": 5, "codename": "add_contenttype"}}, {"model": "auth.permission", "pk": 18, "fields": {"name": "Can change content type", "content_type": 5, "codename": "change_contenttype"}}, {"model": "auth.permission", "pk": 19, "fields": {"name": "Can delete content type", "content_type": 5, "codename": "delete_contenttype"}}, {"model": "auth.permission", "pk": 20, "fields": {"name": "Can view content type", "content_type": 5, "codename": "view_contenttype"}}, {"model": "auth.permission", "pk": 21, "fields": {"name": "Can add session", "content_type": 6, "codename": "add_session"}}, {"model": "auth.permission", "pk": 22, "fields": {"name": "Can change session", "content_type": 6, "codename": "change_session"}}, {"model": "auth.permission", "pk": 23, "fields": {"name": "Can delete session", "content_type": 6, "codename": "delete_session"}}, {"model": "auth.permission", "pk": 24, "fields": {"name": "Can view session", "content_type": 6, "codename": "view_session"}}, {"model": "auth.permission", "pk": 25, "fields": {"name": "Can add author", "content_type": 7, "codename": "add_author"}}, {"model": "auth.permission", "pk": 26, "fields": {"name": "Can change author", "content_type": 7, "codename": "change_author"}}, {"model": "auth.permission", "pk": 27, "fields": {"name": "Can delete author", "content_type": 7, "codename": "delete_author"}}, {"model": "auth.permission", "pk": 28, "fields": {"name": "Can view author", "content_type": 7, "codename": "view_author"}}, {"model": "auth.permission", "pk": 29, "fields": {"name": "Can add category", "content_type": 8, "codename": "add_category"}}, {"model": "auth.permission", "pk": 30, "fields": {"name": "Can change category", "content_type": 8, "codename": "change_category"}}, {"model": "auth.permission", "pk": 31, "fields": {"name": "Can delete category", "content_type": 8, "codename": "delete_category"}}, {"model": "auth.permission", "pk": 32, "fields": {"name": "Can view category", "content_type": 8, "codename": "view_category"}}, {"model": "auth.permission", "pk": 33, "fields": {"name": "Can add post", "content_type": 9, "codename": "add_post"}}, {"model": "auth.permission", "pk": 34, "fields": {"name": "Can change post", "content_type": 9, "codename": "change_post"}}, {"model": "auth.permission", "pk": 35, "fields": {"name": "Can delete post", "content_type": 9, "codename": "delete_post"}}, {"model": "auth.permission", "pk": 36, "fields": {"name": "Can view post", "content_type": 9, "codename": "view_post"}}, {"model": "auth.permission", "pk": 37, "fields": {"name": "Can add tag", "content_type": 10, "codename": "add_tag"}}, {"model": "auth.permission", "pk": 38, "fields": {"name": "Can change tag", "content_type": 10, "codename": "change_tag"}}, {"model": "auth.permission", "pk": 39, "fields": {"name": "Can delete tag", "content_type": 10, "codename": "delete_tag"}}, {"model": "auth.permission", "pk": 40, "fields": {"name": "Can view tag", "content_type": 10, "codename": "view_tag"}}, {"model": "auth.permission", "pk": 41, "fields": {"name": "Can add tagged item", "content_type": 11, "codename": "add_taggeditem"}}, {"model": "auth.permission", "pk": 42, "fields": {"name": "Can change tagged item", "content_type": 11, "codename": "change_taggeditem"}}, {"model": "auth.permission", "pk": 43, "fields": {"name": "Can delete tagged item", "content_type": 11, "codename": "delete_taggeditem"}}, {"model": "auth.permission", "pk": 44, "fields": {"name": "Can view tagged item", "content_type": 11, "codename": "view_taggeditem"}}, {"model": "auth.permission", "pk": 45, "fields": {"name": "Can add Blacklisted IP", "content_type": 12, "codename": "add_blacklistip"}}, {"model": "auth.permission", "pk": 46, "fields": {"name": "Can change Blacklisted IP", "content_type": 12, "codename": "change_blacklistip"}}, {"model": "auth.permission", "pk": 47, "fields": {"name": "Can delete Blacklisted IP", "content_type": 12, "codename": "delete_blacklistip"}}, {"model": "auth.permission", "pk": 48, "fields": {"name": "Can view Blacklisted IP", "content_type": 12, "codename": "view_blacklistip"}}, {"model": "auth.permission", "pk": 49, "fields": {"name": "Can add Blacklisted User Agent", "content_type": 13, "codename": "add_blacklistuseragent"}}, {"model": "auth.permission", "pk": 50, "fields": {"name": "Can change Blacklisted User Agent", "content_type": 13, "codename": "change_blacklistuseragent"}}, {"model": "auth.permission", "pk": 51, "fields": {"name": "Can delete Blacklisted User Agent", "content_type": 13, "codename": "delete_blacklistuseragent"}}, {"model": "auth.permission", "pk": 52, "fields": {"name": "Can view Blacklisted User Agent", "content_type": 13, "codename": "view_blacklistuseragent"}}, {"model": "auth.permission", "pk": 53, "fields": {"name": "Can add hit", "content_type": 14, "codename": "add_hit"}}, {"model": "auth.permission", "pk": 54, "fields": {"name": "Can change hit", "content_type": 14, "codename": "change_hit"}}, {"model": "auth.permission", "pk": 55, "fields": {"name": "Can delete hit", "content_type": 14, "codename": "delete_hit"}}, {"model": "auth.permission", "pk": 56, "fields": {"name": "Can view hit", "content_type": 14, "codename": "view_hit"}}, {"model": "auth.permission", "pk": 57, "fields": {"name": "Can add hit count", "content_type": 15, "codename": "add_hitcount"}}, {"model": "auth.permission", "pk": 58, "fields": {"name": "Can change hit count", "content_type": 15, "codename": "change_hitcount"}}, {"model": "auth.permission", "pk": 59, "fields": {"name": "Can delete hit count", "content_type": 15, "codename": "delete_hitcount"}}, {"model": "auth.permission", "pk": 60, "fields": {"name": "Can view hit count", "content_type": 15, "codename": "view_hitcount"}}, {"model": "auth.permission", "pk": 61, "fields": {"name": "Can add comment", "content_type": 16, "codename": "add_comment"}}, {"model": "auth.permission", "pk": 62, "fields": {"name": "Can change comment", "content_type": 16, "codename": "change_comment"}}, {"model": "auth.permission", "pk": 63, "fields": {"name": "Can delete comment", "content_type": 16, "codename": "delete_comment"}}, {"model": "auth.permission", "pk": 64, "fields": {"name": "Can view comment", "content_type": 16, "codename": "view_comment"}}, {"model": "auth.permission", "pk": 65, "fields": {"name": "Can add reply", "content_type": 17, "codename": "add_reply"}}, {"model": "auth.permission", "pk": 66, "fields": {"name": "Can change reply", "content_type": 17, "codename": "change_reply"}}, {"model": "auth.permission", "pk": 67, "fields": {"name": "Can delete reply", "content_type": 17, "codename": "delete_reply"}}, {"model": "auth.permission", "pk": 68, "fields": {"name": "Can view reply", "content_type": 17, "codename": "view_reply"}}, {"model": "auth.permission", "pk": 69, "fields": {"name": "Can add BBCode tag", "content_type": 18, "codename": "add_bbcodetag"}}, {"model": "auth.permission", "pk": 70, "fields": {"name": "Can change BBCode tag", "content_type": 18, "codename": "change_bbcodetag"}}, {"model": "auth.permission", "pk": 71, "fields": {"name": "Can delete BBCode tag", "content_type": 18, "codename": "delete_bbcodetag"}}, {"model": "auth.permission", "pk": 72, "fields": {"name": "Can view BBCode tag", "content_type": 18, "codename": "view_bbcodetag"}}, {"model": "auth.permission", "pk": 73, "fields": {"name": "Can add Smiley", "content_type": 19, "codename": "add_smileytag"}}, {"model": "auth.permission", "pk": 74, "fields": {"name": "Can change Smiley", "content_type": 19, "codename": "change_smileytag"}}, {"model": "auth.permission", "pk": 75, "fields": {"name": "Can delete Smiley", "content_type": 19, "codename": "delete_smileytag"}}, {"model": "auth.permission", "pk": 76, "fields": {"name": "Can view Smiley", "content_type": 19, "codename": "view_smileytag"}}, {"model": "auth.permission", "pk": 77, "fields": {"name": "Can add subscription", "content_type": 20, "codename": "add_subscription"}}, {"model": "auth.permission", "pk": 78, "fields": {"name": "Can change subscription", "content_type": 20, "codename": "change_subscription"}}, {"model": "auth.permission", "pk": 79, "fields": {"name": "Can delete subscription", "content_type": 20, "codename": "delete_subscription"}}, {"model": "auth.permission", "pk": 80, "fields": {"name": "Can view subscription", "content_type": 20, "codename": "view_subscription"}}, {"model": "auth.permission", "pk": 81, "fields": {"name": "Can add association", "content_type": 21, "codename": "add_association"}}, {"model": "auth.permission", "pk": 82, "fields": {"name": "Can change association", "content_type": 21, "codename": "change_association"}}, {"model": "auth.permission", "pk": 83, "fields": {"name": "Can delete association", "content_type": 21, "codename": "delete_association"}}, {"model": "auth.permission", "pk": 84, "fields": {"name": "Can view association", "content_type": 21, "codename": "view_association"}}, {"model": "auth.permission", "pk": 85, "fields": {"name": "Can add code", "content_type": 22, "codename": "add_code"}}, {"model": "auth.permission", "pk": 86, "fields": {"name": "Can change code", "content_type": 22, "codename": "change_code"}}, {"model": "auth.permission", "pk": 87, "fields": {"name": "Can delete code", "content_type": 22, "codename": "delete_code"}}, {"model": "auth.permission", "pk": 88, "fields": {"name": "Can view code", "content_type": 22, "codename": "view_code"}}, {"model": "auth.permission", "pk": 89, "fields": {"name": "Can add nonce", "content_type": 23, "codename": "add_nonce"}}, {"model": "auth.permission", "pk": 90, "fields": {"name": "Can change nonce", "content_type": 23, "codename": "change_nonce"}}, {"model": "auth.permission", "pk": 91, "fields": {"name": "Can delete nonce", "content_type": 23, "codename": "delete_nonce"}}, {"model": "auth.permission", "pk": 92, "fields": {"name": "Can view nonce", "content_type": 23, "codename": "view_nonce"}}, {"model": "auth.permission", "pk": 93, "fields": {"name": "Can add user social auth", "content_type": 24, "codename": "add_usersocialauth"}}, {"model": "auth.permission", "pk": 94, "fields": {"name": "Can change user social auth", "content_type": 24, "codename": "change_usersocialauth"}}, {"model": "auth.permission", "pk": 95, "fields": {"name": "Can delete user social auth", "content_type": 24, "codename": "delete_usersocialauth"}}, {"model": "auth.permission", "pk": 96, "fields": {"name": "Can view user social auth", "content_type": 24, "codename": "view_usersocialauth"}}, {"model": "auth.permission", "pk": 97, "fields": {"name": "Can add partial", "content_type": 25, "codename": "add_partial"}}, {"model": "auth.permission", "pk": 98, "fields": {"name": "Can change partial", "content_type": 25, "codename": "change_partial"}}, {"model": "auth.permission", "pk": 99, "fields": {"name": "Can delete partial", "content_type": 25, "codename": "delete_partial"}}, {"model": "auth.permission", "pk": 100, "fields": {"name": "Can view partial", "content_type": 25, "codename": "view_partial"}}, {"model": "auth.permission", "pk": 101, "fields": {"name": "Can add notification", "content_type": 26, "codename": "add_notification"}}, {"model": "auth.permission", "pk": 102, "fields": {"name": "Can change notification", "content_type": 26, "codename": "change_notification"}}, {"model": "auth.permission", "pk": 103, "fields": {"name": "Can delete notification", "content_type": 26, "codename": "delete_notification"}}, {"model": "auth.permission", "pk": 104, "fields": {"name": "Can view notification", "content_type": 26, "codename": "view_notification"}}, {"model": "auth.permission", "pk": 105, "fields": {"name": "Can add notifications", "content_type": 27, "codename": "add_notifications"}}, {"model": "auth.permission", "pk": 106, "fields": {"name": "Can change notifications", "content_type": 27, "codename": "change_notifications"}}, {"model": "auth.permission", "pk": 107, "fields": {"name": "Can delete notifications", "content_type": 27, "codename": "delete_notifications"}}, {"model": "auth.permission", "pk": 108, "fields": {"name": "Can view notifications", "content_type": 27, "codename": "view_notifications"}}, {"model": "auth.group", "pk": 1, "fields": {"name": "Администрация", "permissions": [1, 2, 3, 4, 9, 10, 11, 12, 5, 6, 7, 8, 13, 14, 15, 16, 17, 18, 19, 20, 45, 46, 47, 48, 49, 50, 51, 52, 53, 54, 55, 56, 57, 58, 59, 60, 25, 26, 27, 28, 29, 30, 31, 32, 61, 62, 63, 64, 33, 34, 35, 36, 65, 66, 67, 68, 21, 22, 23, 24, 37, 38, 39, 40, 41, 42, 43, 44]}}, {"model": "auth.group", "pk": 2, "fields": {"name": "Амогус", "permissions": []}}, {"model": "auth.group", "pk": 3, "fields": {"name": "Окулус", "permissions": []}}, {"model": "auth.group", "pk": 4, "fields": {"name": "Новичок", "permissions": []}}, {"model": "auth.user", "pk": 2, "fields": {"password": "pbkdf2_sha256$216000$oCcYsjo9h0uu$aKnuNQ7kvTQeGeQoq2N+uACyLkeKYCCL14JAZSLaA0c=", "last_login": "2021-06-18T08:11:05Z", "is_superuser": false, "username": "test", "first_name": "", "last_name": "", "email": "", "is_staff": false, "is_active": true, "date_joined": "2021-04-23T15:43:55Z", "groups": [2], "user_permissions": []}}, {"model": "auth.user", "pk": 3, "fields": {"password": "pbkdf2_sha256$216000$Z2k60GRQGpEO$TepxE9VxkbWDnzdFr5gZpI3qADjAZxWSD0z7+C0ayo4=", "last_login": "2021-04-23T16:09:54Z", "is_superuser": false, "username": "new", "first_name": "", "last_name": "", "email": "", "is_staff": false, "is_active": true, "date_joined": "2021-04-23T16:09:53Z", "groups": [2], "user_permissions": []}}, {"model": "auth.user", "pk": 4, "fields": {"password": "pbkdf2_sha256$216000$UAyDJgaxFxuT$Ivm7PuMY8hfwQQ1ccOrJ1ZTiz1qlucgqYh9GY9VXs9k=", "last_login": "2021-04-23T16:54:02Z", "is_superuser": false, "username": "new_user", "first_name": "", "last_name": "", "email": "", "is_staff": false, "is_active": true, "date_joined": "2021-04-23T16:54:01Z", "groups": [2], "user_permissions": []}}, {"model": "auth.user", "pk": 5, "fields": {"password": "pbkdf2_sha256$216000$6mPmTduIN9M1$xdJ9Hqk4vEDAFwJL564lPkupB2TSGUvRVAbAC2HFgsM=", "last_login": "2021-06-18T08:19:47Z", "is_superuser": false, "username": "charlos", "first_name": "", "last_name": "", "email": "", "is_staff": false, "is_active": true, "date_joined": "2021-06-18T08:19:47Z", "groups": [2], "user_permissions": []}}, {"model": "auth.user", "pk": 6, "fields": {"password": "pbkdf2_sha256$216000$BmAngIqwoAYw$BOOQi8anEEgu5QmZAHW7jL7MiKYBGnIQ9l2P6eL35Yc=", "last_login": "2021-11-06T07:46:15Z", "is_superuser": false, "username": "author", "first_name": "", "last_name": "", "email": "", "is_staff": false, "is_active": true, "date_joined": "2021-11-06T07:46:15Z", "groups": [3], "user_permissions": []}}, {"model": "auth.user", "pk": 7, "fields": {"password": "pbkdf2_sha256$216000$8If6OUHb5tN9$FNxM1/lTXpnguXVQuceAFarIJr7DOcIQrNWZaMlkGUw=", "last_login": "2021-11-06T08:01:32Z", "is_superuser": false, "username": "newuser", "first_name": "", "last_name": "", "email": "", "is_staff": false, "is_active": true, "date_joined": "2021-11-06T08:01:32Z", "groups": [3], "user_permissions": []}}, {"model": "auth.user", "pk": 8, "fields": {"password": "pbkdf2_sha256$216000$S2uGydQ9PH1h$vpeNJ7CLWDk9GKfu3JStEgi892B61s16Hw3z1cFuDc4=", "last_login": "2021-11-06T08:03:12Z", "is_superuser": false, "username": "visitor2", "first_name": "", "last_name": "", "email": "", "is_staff": false, "is_active": true, "date_joined": "2021-11-06T08:03:12Z", "groups": [3], "user_permissions": []}}, {"model": "auth.user", "pk": 9, "fields": {"password": "pbkdf2_sha256$720000$Gg9JroOvyHIyGksxsPkVPS$5H4dj1NLKC968qi1J35N1Mso2W7a/zuoC2y/60uddNg=", "last_login": "2024-03-17T02:13:33.697Z", "is_superuser": false, "username": "krossdar", "first_name": "", "last_name": "", "email": "", "is_staff": false, "is_active": true, "date_joined": "2024-02-26T12:01:42.280Z", "groups": [], "user_permissions": []}}, {"model": "auth.user", "pk": 10, "fields": {"password": "pbkdf2_sha256$720000$Mq2WjSCGFbHDeOQMwVYwZQ$41iIZOolOq+L79Vh1mVQGJApdbZb50HuqjnfA7T/Xk0=", "last_login": "2024-03-17T17:45:00.835Z", "is_superuser": true, "username": "admin", "first_name": "", "last_name": "", "email": "admin@mail.ru", "is_staff": true, "is_active": true, "date_joined": "2024-03-17T02:05:27Z", "groups": [1], "user_permissions": []}}, {"model": "auth.user", "pk": 11, "fields": {"password": "pbkdf2_sha256$720000$NjScCsXIJsTA8SuZ2Cd29C$k+1E0ik0PDHvbUHvgNSVfONeGvJ1OmchKSOhgjO35RA=", "last_login": "2024-03-17T02:06:27.542Z", "is_superuser": false, "username": "weiss", "first_name": "", "last_name": "", "email": "", "is_staff": false, "is_active": true, "date_joined": "2024-03-17T02:06:27.188Z", "groups": [], "user_permissions": []}}, {"model": "auth.user", "pk": 12, "fields": {"password": "pbkdf2_sha256$720000$jS2TbbDO317uIFSxJbBSwo$k8NyHcYQCk4ABoGQE4fu2xyjFpTn0oBqT1vouyDIRRQ=", "last_login": "2024-03-17T02:27:30.511Z", "is_superuser": false, "username": "krss", "first_name": "", "last_name": "", "email": "", "is_staff": false, "is_active": true, "date_joined": "2024-03-17T02:27:30.153Z", "groups": [], "user_permissions": []}}, {"model": "contenttypes.contenttype", "pk": 1, "fields": {"app_label": "admin", "model": "logentry"}}, {"model": "contenttypes.contenttype", "pk": 2, "fields": {"app_label": "auth", "model": "permission"}}, {"model": "contenttypes.contenttype", "pk": 3, "fields": {"app_label": "auth", "model": "group"}}, {"model": "contenttypes.contenttype", "pk": 4, "fields": {"app_label": "auth", "model": "user"}}, {"model": "contenttypes.contenttype", "pk": 5, "fields": {"app_label": "contenttypes", "model": "contenttype"}}, {"model": "contenttypes.contenttype", "pk": 6, "fields": {"app_label": "sessions", "model": "session"}}, {"model": "contenttypes.contenttype", "pk": 7, "fields": {"app_label": "main", "model": "author"}}, {"model": "contenttypes.contenttype", "pk": 8, "fields": {"app_label": "main", "model": "category"}}, {"model": "contenttypes.contenttype", "pk": 9, "fields": {"app_label": "main", "model": "post"}}, {"model": "contenttypes.contenttype", "pk": 10, "fields": {"app_label": "taggit", "model": "tag"}}, {"model": "contenttypes.contenttype", "pk": 11, "fields": {"app_label": "taggit", "model": "taggeditem"}}, {"model": "contenttypes.contenttype", "pk": 12, "fields": {"app_label": "hitcount", "model": "blacklistip"}}, {"model": "contenttypes.contenttype", "pk": 13, "fields": {"app_label": "hitcount", "model": "blacklistuseragent"}}, {"model": "contenttypes.contenttype", "pk": 14, "fields": {"app_label": "hitcount", "model": "hit"}}, {"model": "contenttypes.contenttype", "pk": 15, "fields": {"app_label": "hitcount", "model": "hitcount"}}, {"model": "contenttypes.contenttype", "pk": 16, "fields": {"app_label": "main", "model": "comment"}}, {"model": "contenttypes.contenttype", "pk": 17, "fields": {"app_label": "main", "model": "reply"}}, {"model": "contenttypes.contenttype", "pk": 18, "fields": {"app_label": "precise_bbcode", "model": "bbcodetag"}}, {"model": "contenttypes.contenttype", "pk": 19, "fields": {"app_label": "precise_bbcode", "model": "smileytag"}}, {"model": "contenttypes.contenttype", "pk": 20, "fields": {"app_label": "main", "model": "subscription"}}, {"model": "contenttypes.contenttype", "pk": 21, "fields": {"app_label": "social_django", "model": "association"}}, {"model": "contenttypes.contenttype", "pk": 22, "fields": {"app_label": "social_django", "model": "code"}}, {"model": "contenttypes.contenttype", "pk": 23, "fields": {"app_label": "social_django", "model": "nonce"}}, {"model": "contenttypes.contenttype", "pk": 24, "fields": {"app_label": "social_django", "model": "usersocialauth"}}, {"model": "contenttypes.contenttype", "pk": 25, "fields": {"app_label": "social_django", "model": "partial"}}, {"model": "contenttypes.contenttype", "pk": 26, "fields": {"app_label": "main", "model": "notification"}}, {"model": "contenttypes.contenttype", "pk": 27, "fields": {"app_label": "main", "model": "notifications"}}, {"model": "sessions.session", "pk": "1fnwvzg8z1l8gqdrd63i5rwtwtzarrsm", "fields": {"session_data": ".eJxVjMsOwiAQRf-FtSFAebp07zeQgRmkaiAp7cr479qkC93ec859sQjbWuM2aIkzsjOT7PS7JcgPajvAO7Rb57m3dZkT3xV-0MGvHel5Ody_gwqjfuuCkzLGm1C0TUGQDBaKAldELk66IMARuiTQTEJoo4O0hdCS9pm80oq9P9lCN4U:1lTAeI:pgq5bAA56QxCmjZfO1OYltd9n2dEyJMc4XERNXxG9Gg", "expire_date": "2021-04-18T21:51:14.969Z"}}, {"model": "sessions.session", "pk": "3ruuc4h2uw60s0yu19ryeaaaoltk00at", "fields": {"session_data": "e30:1rlgX7:TYIY4-DqxUhLcAqCuvvL9eyu1Tvqvk7L0Iru1_yHgCo", "expire_date": "2024-03-31T02:45:57.296Z"}}, {"model": "sessions.session", "pk": "49oi5sxhkgma6e6rumhq6eay013vq2e2", "fields": {"session_data": ".eJxVjDsOwjAQBe_iGlkbe_0JJX3OYK1_OIBsKU4qxN1JpBTQzsx7b-ZoW4vbelrcHNmVDcAuv9BTeKZ6mPigem88tLous-dHwk_b-dRiet3O9u-gUC_72uZRgUHQwQgjgxeYpUJUCKMUNtgcMtmozY5sBlKGvJBagJZDRERgny_TgzaG:1rluZA:4Fq0zT8g4Z32uDn76qcLPF-MAVkrdbDe6LMgtoJ7uC8", "expire_date": "2024-03-31T17:45:00.850Z"}}, {"model": "sessions.session", "pk": "64je5so1e4wwgdch6uh3f6in88i0rab3", "fields": {"session_data": ".eJxVjDsOwjAQBe_iGln-fyjpOYO167VxADlSnFSIu0OkFNC-mXkvlmBbW9pGWdJE7Mw8O_1uCPlR-g7oDv028zz3dZmQ7wo_6ODXmcrzcrh_Bw1G-9ZRgkYkFEIFytZj1VYEY41yVugYosCsCGMEixmsNFFJrSu5SgF8dez9AdfvN6Q:1mjGdo:FF5uMRCMgHVE6VgZ1BTU01wDZ5Veil8Z5GTjlmfLsgQ", "expire_date": "2021-11-20T08:01:32.885Z"}}, {"model": "sessions.session", "pk": "7defbk44yosgxavetofcyqg66i9036go", "fields": {"session_data": "e30:1rlg18:YnlJuhH0Mpwl2kqM25vn0WkcfVI5hFls1CyGYDqu0nc", "expire_date": "2024-03-31T02:12:54.351Z"}}, {"model": "sessions.session", "pk": "810wszjlufk6pk1iorzsu657jlk5uivm", "fields": {"session_data": ".eJxVjEEOwiAQRe_C2hAG6IAu3fcMZIBBqoYmpV0Z765NutDtf-_9lwi0rTVsnZcwZXERIE6_W6T04LaDfKd2m2Wa27pMUe6KPGiX45z5eT3cv4NKvX5rZs3ROgQkiA7ZM2ryVoExlNBFcybrCRQBKCgWQQ-pDJZLJqWTMeL9AdnkN34:1mjGQZ:Ef_z9cF2lCSC4mWs8OE7_XQI7AiX4Nqs_SBUDcQexXM", "expire_date": "2021-11-20T07:47:51.752Z"}}, {"model": "sessions.session", "pk": "8wvtrpfloioijysc8gymi1iebtov6us4", "fields": {"session_data": "e30:1rlgYS:7zrUanLhiL0nzfn6fpXUKAwrHK6ccWNKTknUZBcGziM", "expire_date": "2024-03-31T02:47:20.911Z"}}, {"model": "sessions.session", "pk": "953z3r7usnoodvpsruk7dayx2ehequwi", "fields": {"session_data": "e30:1rlfz4:AdL3z2zBlfsJJ1ABgyzpLnEIX3DIMceUAyRCEQdNuHU", "expire_date": "2024-03-31T02:10:46.418Z"}}, {"model": "sessions.session", "pk": "blcgilsl7gpx1twgi8o9yff3y3jwro4m", "fields": {"session_data": ".eJxVjEEOwiAQRe_C2hCZUgZcuvcMBBhGqgaS0q6Md7dNutDtf-_9t_BhXYpfe579ROIiRnH63WJIz1x3QI9Q702mVpd5inJX5EG7vDXKr-vh_h2U0MtW51ERW2RWysYBdDbJjqghnsEgaxeAVQJi5dAiGrAmR6bB0eZiUE58vtsqN2Q:1lu9j9:1bgHCvFBokWmcgE9LwDuz6OZO_3pv1WY4RCrOOQb9tI", "expire_date": "2021-07-02T08:19:47.581Z"}}, {"model": "sessions.session", "pk": "cuzg8qkb4oxqcp546giattfeb2b65z1u", "fields": {"session_data": "e30:1rlfvz:ubq5w2ZcKK-aCLURuG-OjLcgonJbXDGkIoKWjZhe7vA", "expire_date": "2024-03-31T02:07:35.496Z"}}, {"model": "sessions.session", "pk": "czi2h1efoasuh6fc5dhn2x2r60hu6jte", "fields": {"session_data": ".eJxVjEEOwiAQRe_C2hAHRmFcuu8ZmmEAqRpISrsy3l2bdKHb_977LzXyupRx7Wkep6guCtXhdwssj1Q3EO9cb01Lq8s8Bb0peqddDy2m53V3_w4K9_KthS2SIfH5aIID7wQsukBikSnbgNEjQMJTzBSEyCKwj4hgrJzBo3p_ANMrNx4:1lZz46:x5rTXn9IA5uUfAYfc52eIHasAAJoKBFdmzJQjL9s_FA", "expire_date": "2021-05-07T16:54:02.516Z"}}, {"model": "sessions.session", "pk": "d32xowtrimc1kj7bpm59xbweyln2xm5t", "fields": {"session_data": ".eJxVjEEOwiAQRe_C2hAG6IAu3fcMZIBBqoYmpV0Z765NutDtf-_9lwi0rTVsnZcwZXERIE6_W6T04LaDfKd2m2Wa27pMUe6KPGiX45z5eT3cv4NKvX5rZs3ROgQkiA7ZM2ryVoExlNBFcybrCRQBKCgWQQ-pDJZLJqWTMeL9AdnkN34:1lZxyR:2JnX1foRrfWsjlsN_8ZkoAhqGm0e2eZtyxEFV-UQz7w", "expire_date": "2021-05-07T15:44:07.882Z"}}, {"model": "sessions.session", "pk": "huwsqpt9ztrnl7wq8pctvbws9oghnt7d", "fields": {"session_data": "e30:1rlgWD:yBBjv6uWsNgvQFoE2zx-Pj3eamV1fXZxtaQfZMaHRyg", "expire_date": "2024-03-31T02:45:01.302Z"}}, {"model": "sessions.session", "pk": "ju4z88t1f19njylatbg9l8ou5w185kha", "fields": {"session_data": "e30:1rlgFG:z_JgZsTtqNu171wXpuvX6n3sBh4uopKsuBXT46bP6eI", "expire_date": "2024-03-31T02:27:30.503Z"}}, {"model": "sessions.session", "pk": "kbmb0cg3uw5iodbrg8ipkzzmi3p1z6av", "fields": {"session_data": ".eJxVjDsOwjAQBe_iGln-aGVMSc8ZrF3vGgeQLcVJFXF3iJQC2jczb1MJ16WmdcicJlYXZdXpdyPMT2k74Ae2e9e5t2WeSO-KPujQt87yuh7u30HFUb91JhCOAFKCBBscYYTgXEFfyEDx4JkoOsMBCA07iRZMQHHmHC3not4f-2Q4XQ:1retVL:Cx7EwahZfjV61bP2UqG2flji6ZV__iF16i77QszpYwA", "expire_date": "2024-03-12T09:12:03.325Z"}}, {"model": "sessions.session", "pk": "l13mf0w61fyv0t834elsnqrqqslvx508", "fields": {"session_data": "e30:1rlfwI:qUOLiD5En__nLkg8i2mc1k7ufD573mFXF-OT-as4JJU", "expire_date": "2024-03-31T02:07:54.014Z"}}, {"model": "sessions.session", "pk": "l4x5pu7ulkwiyt6vc48xfvba5mc17j69", "fields": {"session_data": ".eJxVjEsOAiEQBe_C2pCWPy7dewZCd6OMGkjmszLeXUlmoduqeu8lUt7WmralzGlicRJKHH4ZZnqUNgTfc7t1Sb2t84RyJHK3i7x0Ls_z3v4d1LzUsb5aYPJoEEwoyhlQEQJwRHBslPVBh-K8RlQ6KB-oHFmT-xKwkTiK9wfJcTbv:1lu9aj:s8qy8ZQDL5jXXC33SzI5mg0GmDGxBcbKk2cGEhOdALI", "expire_date": "2021-07-02T08:11:05.928Z"}}, {"model": "sessions.session", "pk": "lauj4lzziqnaqo3kud4g1psnbfcisdei", "fields": {"session_data": ".eJxVjDsOwjAQRO_iGln-sQ6U9DmDZe96cQDZUpxUiLuTSCmgG817M28R4rqUsPY8h4nEVYA4_XYp4jPXHdAj1nuT2OoyT0nuijxol2Oj_Lod7t9Bib1sayY-q8GA0SZhBkjESZmYPGtkNKgBgJ13Cj0p673NYDXZweoLuy2Jzxf4PjfL:1mjGP1:VVecqjH7j-csev8t3u6Zpt7GpdFnBag68vtjmjre_tg", "expire_date": "2021-11-20T07:46:15.519Z"}}, {"model": "sessions.session", "pk": "ndvwt8zcucoaq1mpvydda5wjkldejup0", "fields": {"session_data": "e30:1rlgVD:7KXYq2tV_zrthdnxZO0ymjvNOvSDHFHpODpDyHF0G5M", "expire_date": "2024-03-31T02:43:59.240Z"}}, {"model": "sessions.session", "pk": "nfnnb97s840bvry62jw2au4tctx1y4mq", "fields": {"session_data": ".eJxVjEEOwiAQRe_C2hAG6IAu3fcMZIBBqoYmpV0Z765NutDtf-_9lwi0rTVsnZcwZXERIE6_W6T04LaDfKd2m2Wa27pMUe6KPGiX45z5eT3cv4NKvX5rZs3ROgQkiA7ZM2ryVoExlNBFcybrCRQBKCgWQQ-pDJZLJqWTMeL9AdnkN34:1lu9Yc:DI__OqlFGwTn5wxhOSYpN7S8Kol36GeMS3l5SCBh2zs", "expire_date": "2021-07-02T08:08:54.236Z"}}, {"model": "sessions.session", "pk": "o9m9yeqm30x9bejaqcnv3jw2muiq4ooc", "fields": {"session_data": "e30:1rlfwU:JvDaVvqz3wo9s5K9DfFdt3sD-azB8f26bvAywMFh8tw", "expire_date": "2024-03-31T02:08:06.505Z"}}, {"model": "sessions.session", "pk": "siqtlkoco8kdehxembb9vf1rfmognyei", "fields": {"session_data": ".eJxVjEsOAiEQBe_C2pCWPy7dewZCd6OMGkjmszLeXUlmoduqeu8lUt7WmralzGlicRJKHH4ZZnqUNgTfc7t1Sb2t84RyJHK3i7x0Ls_z3v4d1LzUsb5aYPJoEEwoyhlQEQJwRHBslPVBh-K8RlQ6KB-oHFmT-xKwkTiK9wfJcTbv:1lZxyG:1Mc3MfA7rC3KR0Qz9zFI9Biosr68mq6ElF8Yc2fh0ps", "expire_date": "2021-05-07T15:43:56.324Z"}}, {"model": "sessions.session", "pk": "w68ujz07oqt79dr9dz1i1fxmy0yxoy4p", "fields": {"session_data": ".eJxVjEEOwiAURO_C2hDg8wt16b5nIPABqRpISrsy3t026UJ3k3lv5s2c39bitp4WN0d2ZZZdfrvg6ZnqAeLD13vj1Oq6zIEfCj9p51OL6XU73b-D4nvZ1zQorwx51BmkjBKSGDVioJEQFeQhRxsCZQAEIfZojI4WbJAGs8DEPl_gcDei:1mjGfQ:O0uZeYwMfVlMqgVKyewnWpOaYSL4utYArsXfx3Anz1Y", "expire_date": "2021-11-20T08:03:12.587Z"}}, {"model": "sessions.session", "pk": "wea5x5qzfb42xdpxnzq8ufjcei80d3zu", "fields": {"session_data": "e30:1rlfut:CqcyJJS17LnLH7NEdCXOhrftBYpCp-POEkM0DhyS_Pk", "expire_date": "2024-03-31T02:06:27.536Z"}}, {"model": "sessions.session", "pk": "x1k017adivg09deo9c0vv6msgo00jtws", "fields": {"session_data": "e30:1rlgXV:S3DuX5LaDh_2FgK9KdK0LL0mdCvuTXg8zCQfQ2awRGQ", "expire_date": "2024-03-31T02:46:21.549Z"}}, {"model": "main.notifications", "pk": 1, "fields": {"user": 10, "post": 3, "reason": "", "comment_or_reply": null, "is_read": true, "date_created": "2024-03-17T21:24:58.804Z"}}, {"model": "main.notifications", "pk": 2, "fields": {"user": 10, "post": 3, "reason": "", "comment_or_reply": null, "is_read": true, "date_created": "2024-03-17T21:24:59.915Z"}}, {"model": "main.author", "pk": 1, "fields": {"user": 5, "fullname": "hei", "slug": "selmi-abderrahim", "bio": "<p>Something about the author.</p>", "points": 0, "last_seen": "2024-03-14T13:20:29.909Z", "profile_pic": "profile_pics/Кира.png", "notifications": []}}, {"model": "main.author", "pk": 5, "fields": {"user": 6, "fullname": "Malkom Digit", "slug": "malkom-digit", "bio": "A new author in this forum.", "points": 0, "last_seen": "2024-03-14T13:20:29.909Z", "profile_pic": "authors/pexels-pixabay-2204531.jpeg", "notifications": []}}, {"model": "main.author", "pk": 6, "fields": {"user": 8, "fullname": "Maria Delau", "slug": "maria-delau", "bio": "A new user.", "points": 0, "last_seen": "2024-03-14T13:20:29.909Z", "profile_pic": "authors/pexels-tomaz-barcellos-1987301.jpeg", "notifications": []}}, {"model": "main.author", "pk": 7, "fields": {"user": 4, "fullname": "Wazzup", "slug": "wazzup", "bio": "<p>Ea</p>", "points": 0, "last_seen": "2024-03-14T13:20:29.909Z", "profile_pic": "", "notifications": []}}, {"model": "main.author", "pk": 8, "fields": {"user": 9, "fullname": "Wea", "slug": "wea", "bio": "<p>ez</p>", "points": 0, "last_seen": "2024-03-17T02:15:30.363Z", "profile_pic": "authors/Кира_lJflTWO.apng", "notifications": []}}, {"model": "main.author", "pk": 9, "fields": {"user": 7, "fullname": "weeeeeeee", "slug": "weeeeeeee", "bio": "<p>33</p>", "points": 0, "last_seen": "2024-03-14T13:20:29.909Z", "profile_pic": "authors/Кира_ayVXB8y.apng", "notifications": []}}, {"model": "main.author", "pk": 11, "fields": {"user": 10, "fullname": "Weiss", "slug": "admin", "bio": "", "points": 0, "last_seen": "2024-03-17T21:27:52.063Z", "profile_pic": "authors/321.jpeg", "notifications": []}}, {"model": "main.category", "pk": 4, "fields": {"title": "Ошибки и Баги", "slug": "oshibki-i-bagi", "description": "Нашли баг, дюп? Вам сюда."}}, {"model": "main.category", "pk": 5, "fields": {"title": "Разработка", "slug": "razrabotka", "description": "Новости связанные с разработкой сервера."}}, {"model": "main.category", "pk": 6, "fields": {"title": "Правила, инструкции", "slug": "pravila-instrukcii", "description": "none"}}, {"model": "main.category", "pk": 7, "fields": {"title": "Новости", "slug": "news", "description": "Новости связанные с проектом в целом."}}, {"model": "main.category", "pk": 8, "fields": {"title": "Жалобы", "slug": "zhaloby", "description": "Вас оскорбили? Можете пожаловаться!"}}, {"model": "main.category", "pk": 9, "fields": {"title": "Заявки на разбан", "slug": "zajavki-na-razban", "description": "Если вас забанили не за читы, можете попробовать..."}}, {"model": "main.category", "pk": 10, "fields": {"title": "Объявления", "slug": "objavlenija", "description": "Различные объявления, не заслуживающие раздел \"Новости\"."}}, {"model": "main.post", "pk": 3, "fields": {"title": "v2", "slug": "v2_0_40216", "user": 8, "content": "<p>v3</p>", "date": "2024-03-17T02:12:00.539Z", "approved": true, "closed": true, "state": "zero", "categories": [4], "comments": []}}, {"model": "main.post", "pk": 4, "fields": {"title": "2", "slug": "2_1_25350", "user": 11, "content": "<p>22</p>", "date": "2024-03-17T02:56:50.384Z", "approved": true, "closed": true, "state": "zero", "categories": [5], "comments": []}}, {"model": "main.subscription", "pk": 35, "fields": {"post": 3, "user": 10, "date_subscribed": "2024-03-17T19:38:29.745Z"}}, {"model": "main.subscription", "pk": 43, "fields": {"post": 4, "user": 10, "date_subscribed": "2024-03-17T20:12:23.030Z"}}, {"model": "hitcount.hitcount", "pk": 81, "fields": {"hits": 1, "modified": "2024-03-17T02:04:10.363Z", "content_type": 9, "object_pk": 2}}, {"model": "hitcount.hitcount", "pk": 82, "fields": {"hits": 6, "modified": "2024-03-17T20:39:24.418Z", "content_type": 9, "object_pk": 3}}, {"model": "hitcount.hitcount", "pk": 83, "fields": {"hits": 1, "modified": "2024-03-17T02:56:53.128Z", "content_type": 9, "object_pk": 4}}, {"model": "hitcount.hit", "pk": 75, "fields": {"created": "2024-03-17T02:12:03.333Z", "ip": "127.0.0.1", "session": "q5wmfgtpqd7yho5lgj15bq3jzw69r346", "user_agent": "Mozilla/5.0 (Windows NT 10.0; Win64; x64) AppleWebKit/537.36 (KHTML, like Gecko) Chrome/122.0.0.0 Safari/537.36", "user": 9, "hitcount": 82}}, {"model": "hitcount.hit", "pk": 76, "fields": {"created": "2024-03-17T02:56:53.134Z", "ip": "127.0.0.1", "session": "tr58v5v77oyifc646i2rctu4prqwxyfo", "user_agent": "Mozilla/5.0 (Windows NT 10.0; Win64; x64) AppleWebKit/537.36 (KHTML, like Gecko) Chrome/122.0.0.0 Safari/537.36", "user": 10, "hitcount": 83}}, {"model": "hitcount.hit", "pk": 77, "fields": {"created": "2024-03-17T03:00:09.643Z", "ip": "127.0.0.1", "session": "tr58v5v77oyifc646i2rctu4prqwxyfo", "user_agent": "Mozilla/5.0 (Windows NT 10.0; Win64; x64) AppleWebKit/537.36 (KHTML, like Gecko) Chrome/122.0.0.0 Safari/537.36", "user": 10, "hitcount": 82}}, {"model": "taggit.tag", "pk": 1, "fields": {"name": "django", "slug": "django"}}, {"model": "taggit.tag", "pk": 2, "fields": {"name": "zeyt", "slug": "zeyt"}}, {"model": "taggit.tag", "pk": 3, "fields": {"name": "ai", "slug": "ai"}}, {"model": "taggit.tag", "pk": 4, "fields": {"name": "post", "slug": "post"}}, {"model": "taggit.tag", "pk": 5, "fields": {"name": "tag", "slug": "tag"}}, {"model": "taggit.tag", "pk": 6, "fields": {"name": "game", "slug": "game"}}, {"model": "taggit.tag", "pk": 7, "fields": {"name": "news", "slug": "news"}}, {"model": "taggit.tag", "pk": 8, "fields": {"name": "vv", "slug": "vv"}}, {"model": "taggit.tag", "pk": 9, "fields": {"name": "3", "slug": "3"}}, {"model": "taggit.tag", "pk": 10, "fields": {"name": "dews", "slug": "dews"}}, {"model": "taggit.tag", "pk": 11, "fields": {"name": "ye", "slug": "ye"}}]